designation,location,job_count
DevOps Engineer,Bangalore,6
EHS Engineer,Bangalore,1
Software Engineer - UI,Bangalore,1
QA Automation Lead,Bangalore,1
Software Engineer,Bangalore,6
SQL Developer,Bangalore,1
Data Engineer,Bangalore,4
Marketing Strategy Analyst,Gurgaon,1
SSE - ServiceNow,Pune,1
Senior Principal Consultant - Data Operations,Bangalore,1
HRBP (Services & Fulfillment),Bangalore,1
Computer Vision Engineer,Pune,1
AEM Developer,Noida,1
Data Engineer - AWS,Pune,1
Data Engineer - GCP,Pune,1
Dot NET Developer,Pune,1
Frontend Developer,Gurgaon,2
Java Full Stack Developer,Bangalore,1
AWS PaaS Developer,Bangalore,1
Data Scintist / Analyst,Bangalore,1
QA Lead,Gurgaon,1
Partnerships Manager - Auto Finance Leasing Auto,Delhi,1
Senior Architect I,Work From Home,1
Data Anlyst,Work From Home,1
Full Stack Developer,Work From Home,2
DevOps Engineer,Noida,1
Senior Cloud Security Engineer,Bangalore,1
Front End Developer,Gurgaon,2
Applied Science Manager,Bangalore,1
Software Developer Engineer - 2,Bangalore,1
Director of Product Management,Pune,1
Manual Tester,Work From Home,1
Senior Engineer,Bangalore,1
Talent Aquisition,Mumbai,1
Software Engineer - P2,Noida,1
Brand Specialist,Ahmedabad,1
Talent Acquisition Specialist - US (Non - IT),Gurgaon,1
Lead QA,Bangalore,1
Node.js Developer,Gurgaon,2
Communication Software Lead,Hyderabad,1
Senior Statistical Programmer,Bangalore,1
Senior Consultant,Chennai,1
Infra Support Lead,Work From Home,1
Presales,Gurgaon,1
Content Strategist,Gurgaon,1
SSE - Microsoft Tech - .NET,Bangalore,1
Dot NET Developer,Bangalore,2
SSE Java Developer,Bangalore,1
Sr. Software Developer Engineer,Bangalore,1
Software Developer Engineer,Bangalore,1
Sr. BI Reporting Engineer,Work From Home,1
Business Analyst,Mumbai,1
Software Developer,Pune,1
Manager - Client Development,Bangalore,2
Client Development Manager,Bangalore,1
Manager - Client Development,Hyderabad,1
Architect,Mumbai,1
Product Manager - II,Bangalore,1
Quality Analyst - Lead,Mumbai,1
Java Engineer,Mumbai,1
Java Developer,Mumbai,1
Node.js Fullstack Developer SS24,Gurgaon,1
AVP / VP,Mumbai,1
Call Centre Executive - Sales,Bangalore,1
Engineering Manager,Work From Home,1
Senior Software Engineer - SAP ABAP Developer,Hyderabad,1
Sr. Project Manager,Hyderabad,1
Business Development Associate,Bangalore,2
Branch Co - Ordinator,Ahmedabad,1
Business Analyst,Gurgaon,1
Software Development Engineer Trainee,Bangalore,2
QA Test Engineer,Work From Home,1
Engineering Manager,Delhi,1
Java Developer,Bangalore,3
UI Development Specialist (Angular),Work From Home,1
Software Development Engineer 3,Work From Home,1
Principal / Senior Technical Consultant,Bangalore,1
Software Development Engineer,Bangalore,2
Backend Software Development Engineer 2,Bangalore,2
Software Development Engineer - 2,Bangalore,6
Backend Developer - ROR,Bangalore,1
Software Development Engineer - 2 - Java,Bangalore,1
Software Development Engineer - 2 Backend,Bangalore,1
Software Development Engineer - 3 Android,Bangalore,1
Software Development Engineer - 4,Bangalore,1
Software Development Engineer - 2 DevOps,Bangalore,1
Embedded Software Engineer,Bangalore,1
Software Engineer - .NET,Hyderabad,1
Data Analyst,Hyderabad,1
UI Architect,Hyderabad,1
Inside Sales,Bangalore,1
Database Developer,Pune,1
Senior Graphic Designer,Gurgaon,1
DevOps Engineer,Gurgaon,1
Senior Engineer - AI,Bangalore,1
iOS Developer,Chennai,1
Senior Java Developer,Chennai,1
Software Engineer,Gurgaon,1
iOS Developer,Gurgaon,1
Security Architect,Bangalore,2
SDET - Full Stack,Pune,1
ServiceNow Manager,Hyderabad,1
Business Transformation Lead,Work From Home,1
Product Manager,Hyderabad,1
Full Stack Software Developer (Backend - Focused),Mumbai,1
Principal Engineer,Bangalore,1
Team Lead Engineer,Bangalore,1
Content Creator (Biotech Related Background),Work From Home,1
QA Automation Tester,Bangalore,1
Frontend Developer,Bangalore,2
Finance Executive,Bangalore,1
Senior Android Developer,Work From Home,1
Salesforce Developer,Bangalore,1
Full Stack Engineer,Bangalore,1
Head of Commercial - Freight,Delhi,1
Business Development Associate,Gurgaon,1
Lead Full Stack Developer,Gurgaon,1
Site Reliability Engineer III,Bangalore,1
Data Scientist,Gurgaon,2
Java Developer,Hyderabad,1
Manager IT - Java [T500 - 7297,Hyderabad,1
Software Engineer III,Hyderabad,1
Full Stack Developer I,Hyderabad,1
Full Stack Developer III,Hyderabad,1
Application Architect - Java [T500 - 7764,Hyderabad,1
Scrum Master II [T500 - 7748,Hyderabad,1
Software Engineer 2 Tibco,Hyderabad,1
Fullstack Developer,Bangalore,2
Customer Relationship Manager,Work From Home,1
UI Engineer I,Bangalore,1
Life Insurance Sales,Mumbai,1
Engineering Manager,Bangalore,1
SSE / Lead,Bangalore,1
DevOps Engineer - I,Bangalore,1
Account Manager,Work From Home,1
Gan.Ai - Backend Developer - AC,Noida,1
Backend Engineer SS24,Noida,1
Wordpress Developer,Ahmedabad,1
Growth Manager - CRM,Ahmedabad,1
UI / UX Designer,Ahmedabad,1
Talent Acquisition Specialist,Ahmedabad,1
Node.js Engineer,Work From Home,1
Backend Developer,Bangalore,1
UI / UX Designer,Mumbai,1
Full Stack Engineer,Mumbai,1
Senior Software Engineer,Work From Home,1
Project Manager,Noida,1
Software Engineer - Platform,Bangalore,1
Technical Content Writer,Bangalore,1
SAP SD With S / 4 HANA Consultant,Mumbai,1
Software Developer - Java React.js,Bangalore,1
Mern Stack Developer / Full Stack Developer,Bangalore,1
Production Support Engineer,Hyderabad,1
Cloud Network Security Engineer,Bangalore,1
Client Relationship Management,Mumbai,1
Software Development Engineer 3,Bangalore,1
Software Development Engineer II,Mumbai,1
Sales Development Representative,Hyderabad,1
Frontend Developer - React.js (T500 - 7814),Bangalore,1
Technical Product Owner [T500 - 7818,Bangalore,1
Principal Software Engineer,Bangalore,2
Senior Fullstack Developer,Bangalore,1
Java Developer (Kafka),Noida,1
Social Media Manager,Gurgaon,1
Field Sales Executive,Bangalore,2
Presales Consulatant,Mumbai,1
System Engineer,Gurgaon,1
Application Support Engineer - L2,Pune,1
Device Driver Developer,Bangalore,1
Customer Success Analyst ,Hyderabad,1
Software Engineer,Hyderabad,1
Senior Site Reliability Engineer,Work From Home,1
QA Engineer,Hyderabad,1
QA - Software Engineer,Bangalore,1
Data Scientist,Work From Home,2
Software Engineer II,Work From Home,1
UI / UX Designer,Gurgaon,1
Content Associate,Bangalore,1
Software Developer,Bangalore,1
Dot .NET Developer,Bangalore,1
Data Analyst - III,Bangalore,1
Technical Lead Frontend,Bangalore,1
Senior Software Engineer - Frontend,Bangalore,1
Datascience Lead,Pune,1
AUTOSAR Software Developer,Bangalore,1
Sales Business Development,Bangalore,1
Cloud Ops Engineer,Chennai,1
Data Architect,Bangalore,1
Product Manager,Bangalore,2
Linux Administrator - QA Automation Engineer,Work From Home,1
Software Testing - Drilling Applications,Bangalore,1
MES Developer,Chennai,1
Costing Engineer - Mechanical,Hyderabad,1
Qlik Developer,Gurgaon,1
Senior Business Development Manager (Sr. BDM),Bangalore,1
Senior Software Engineer - Managed Services,Bangalore,1
Managed Service Provider,Bangalore,1
Software Engineer - Managed Services,Bangalore,1
Managed Services,Bangalore,1
Senior Software Engineer,Bangalore,2
Senior SDET,Bangalore,1
Senior SDET - (Quality Engineering),Bangalore,1
Senior Quality Engineer,Bangalore,1
Senior SDET - Quality Engineering,Bangalore,1
IT Security Analyst,Bangalore,1
Deputy Manager - Partner Relationships,Delhi,1
Android Developer,Gurgaon,1
Software Development Engineer1 - iOS,Bangalore,1
React.js Developer 1,Bangalore,1
Principal Software Engineer - Analytics,Mumbai,1
Quality Assurance Team Lead,Bangalore,2
Backend Engineer,Work From Home,1
Anaplan Engineer ,Bangalore,1
Senior Engineer I ,Bangalore,1
Fullstack Engineer - Angular Java ,Bangalore,1
Technical Project Manager ,Bangalore,1
GCP Architect,Bangalore,1
Technical Project Manager,Gurgaon,1
Lead Full Stack Developer,Mumbai,1
Sr. Java Developer,Bangalore,1
Technical Architect,Bangalore,1
Senior BI / Reporting Engineer,Work From Home,1
Corporate Sales Manager ,Delhi,1
Data Engineer AC,Bangalore,1
Senior Backend Engineer,Bangalore,1
Senior Security Engineer,Bangalore,1
QA Lead,Bangalore,1
Interior Site Supervisor,Bangalore,1
Sr. Frontend Developer,Bangalore,1
Software Development Engineer,Hyderabad,1
Product Manager I,Bangalore,1
Software Development Engineer - 3,Bangalore,1
Market Intelligence - Trainee,Noida,1
Dotnet Developer,Bangalore,1
Dot NET + Angular Developer,Bangalore,1
Sr. Software Development Engineer Trainee,Hyderabad,1
Camel Integrator Developer,Mumbai,1
Senior Fullstack Developer - .NET (T500 - 7808),Bangalore,1
Engineer I,Bangalore,1
Consultant - Sr. Engineer I [T500 - 7871,Gurgaon,1
Analyst II [T500 - 6175,Gurgaon,1
Infrastructure Engineer,Gurgaon,1
Dotnet Developer,Hyderabad,2
Business Development,Mumbai,1
Junior Software Engineer,Mumbai,1
Senior Test Engineer - SW,Bangalore,1
Software Engineer,Pune,1
Android Developer,Delhi,1
Backend Developer,Work From Home,1
Senior iOS Engineer,Ahmedabad,1
Sr. Business Development Associate,Hyderabad,1
Architect - Backend,Bangalore,1
Principal Architect - Frontend,Bangalore,1
Principal Architect (Backend),Bangalore,1
Director of Engineering (Backend),Bangalore,1
Tech Lead (Frontend / Angular),Mumbai,1
Lead Frontend Engineer,Bangalore,1
Senior Frontend Developer,Bangalore,1
Social Media Intern,Work From Home,1
Android Developer,Work From Home,1
Digital Marketing Specialist,Gurgaon,1
React Developer - Java,Pune,1
Machine Learning Engineer,Chennai,1
VP Product Managemnet - Offline Commerce,Work From Home,1
Software Development Engineer Trainee,Work From Home,1
Software Development Engineer 3 - Backend,Noida,1
Software Development Engineer - II / III,Noida,1
DevOps Engineer - SDE2,Noida,1
Product Marketing Manager,Bangalore,1
Software Engineer - iOS Developer,Bangalore,1
Senior Engineering Manager,Bangalore,1
Performance Marketing,Gurgaon,1
Finance Executive,Mumbai,1
Technical Consultant,Bangalore,1
DevOps Architect,Bangalore,1
Full Stack Engineer ,Work From Home,1
Data Engineer - III,Bangalore,1
Python Developer,Hyderabad,1
Content Strategist,Mumbai,1
Head of Marketing,Mumbai,1
Full Stack Engineer - Python,Bangalore,1
Database Administration - MySQL,Bangalore,1
UI / UX Designer,Hyderabad,1
Data Scientist,Chennai,1
International Voice Process ,Bangalore,1
Data Engineer,Work From Home,1
React Native Developer,Work From Home,1
Senior DevOps Engineer,Bangalore,1
Test Automation Engineer,Noida,1
Senior Development Engineer - III / IV / V (Platform),Bangalore,1
Senior Principal Engineer - Architect,Bangalore,1
UI / UX Lead,Bangalore,1
Java Backend Engineer,Chennai,1
AM - Corporate Development & Strategy,Bangalore,1
Customer Support Associate,Noida,1
QA Engineer,Bangalore,1
IT Recruiter,Pune,1
Senior Backend Developer,Bangalore,1
QA Architect - Automation,Bangalore,1
Teamcenter Consultant,Pune,1
Senior Full Stack Developer,Work From Home,1
Risk Analyst,Bangalore,1
Xamarin Developer,Ahmedabad,1
DevOps Engineer,Work From Home,1
Human Resource Business Manager,Gurgaon,1
Product Manager,Work From Home,1
Test Engineer,Bangalore,1
DevOps Developer,Gurgaon,1
DevOps Manager,Delhi,1
Business Development Executive,Mumbai,1
